<?xml version="1.0" encoding="UTF-8"?>

<!-- generated on 2023-01-10 16:32:43 by Eclipse SUMO netedit Version 1.15.0
<configuration xmlns:xsi="http://www.w3.org/2001/XMLSchema-instance" xsi:noNamespaceSchemaLocation="http://sumo.dlr.de/xsd/netconvertConfiguration.xsd">

    <output>
        <output-file value="C:\Users\Dhanvanth\Desktop\SUMO_NETEDIT\NETWORK.net.xml"/>
    </output>

    <processing>
        <offset.disable-normalization value="true"/>
    </processing>

    <junctions>
        <no-turnarounds value="true"/>
    </junctions>

</configuration>
-->

<net version="1.9" junctionCornerDetail="5" limitTurnSpeed="5.50" xmlns:xsi="http://www.w3.org/2001/XMLSchema-instance" xsi:noNamespaceSchemaLocation="http://sumo.dlr.de/xsd/net_file.xsd">

    <location netOffset="0.00,0.00" convBoundary="0.00,-100.00,1000.00,300.00" origBoundary="10000000000.00,10000000000.00,-10000000000.00,-10000000000.00" projParameter="!"/>

    <edge id=":J0_0" function="internal">
        <lane id=":J0_0_0" index="0" speed="3.90" length="2.58" shape="3.39,98.87 2.97,99.43 2.83,100.00 2.97,100.57 3.39,101.13"/>
    </edge>
    <edge id=":J1_0" function="internal">
        <lane id=":J1_0_0" index="0" speed="5.54" length="9.46" shape="201.60,289.34 201.96,292.26 203.03,293.69 204.82,293.64 207.32,292.09"/>
    </edge>
    <edge id=":J1_1" function="internal">
        <lane id=":J1_1_0" index="0" speed="7.56" length="12.54" shape="201.60,289.34 202.00,293.30 203.20,296.14 205.20,297.83 208.00,298.40"/>
    </edge>
    <edge id=":J1_2" function="internal">
        <lane id=":J1_2_0" index="0" speed="7.88" length="12.56" shape="196.04,293.78 198.27,295.20 200.90,295.40 203.92,294.36 207.32,292.09"/>
    </edge>
    <edge id=":J1_3" function="internal">
        <lane id=":J1_3_0" index="0" speed="11.94" length="13.16" shape="196.04,293.78 198.52,295.80 201.34,297.24 204.50,298.11 208.00,298.40"/>
    </edge>
    <edge id=":J2_0" function="internal">
        <lane id=":J2_0_0" index="0" speed="5.61" length="9.32" shape="701.60,290.02 701.96,292.84 703.05,294.29 704.87,294.39 707.42,293.13"/>
    </edge>
    <edge id=":J2_1" function="internal">
        <lane id=":J2_1_0" index="0" speed="7.61" length="19.31" shape="701.60,290.02 700.80,295.20 698.39,297.43 694.37,296.72 688.75,293.05"/>
    </edge>
    <edge id=":J2_2" function="internal">
        <lane id=":J2_2_0" index="0" speed="5.46" length="10.17" shape="686.88,298.40 690.21,298.07 691.63,297.06 691.14,295.39 688.75,293.05"/>
    </edge>
    <edge id=":J2_3" function="internal">
        <lane id=":J2_3_0" index="0" speed="13.89" length="21.36" shape="686.88,298.40 691.61,297.97 697.46,296.81 703.15,295.13 707.42,293.13"/>
    </edge>
    <edge id=":J3_0" function="internal">
        <lane id=":J3_0_0" index="0" speed="3.93" length="3.43" shape="995.12,101.33 995.87,100.67 996.12,100.00 995.87,99.33 995.12,98.67"/>
    </edge>
    <edge id=":J4_0" function="internal">
        <lane id=":J4_0_0" index="0" speed="5.61" length="9.32" shape="707.42,-93.13 704.87,-94.39 703.05,-94.29 701.96,-92.84 701.60,-90.02"/>
    </edge>
    <edge id=":J4_1" function="internal">
        <lane id=":J4_1_0" index="0" speed="13.89" length="21.36" shape="707.42,-93.13 703.15,-95.13 697.46,-96.81 691.61,-97.97 686.88,-98.40"/>
    </edge>
    <edge id=":J4_2" function="internal">
        <lane id=":J4_2_0" index="0" speed="5.46" length="10.17" shape="688.75,-93.05 691.14,-95.39 691.63,-97.06 690.21,-98.07 686.88,-98.40"/>
    </edge>
    <edge id=":J4_3" function="internal">
        <lane id=":J4_3_0" index="0" speed="7.61" length="19.31" shape="688.75,-93.05 694.37,-96.72 698.39,-97.43 700.80,-95.20 701.60,-90.02"/>
    </edge>
    <edge id=":J5_0" function="internal">
        <lane id=":J5_0_0" index="0" speed="5.54" length="9.46" shape="207.32,-92.09 204.82,-93.64 203.03,-93.69 201.96,-92.26 201.60,-89.34"/>
    </edge>
    <edge id=":J5_1" function="internal">
        <lane id=":J5_1_0" index="0" speed="7.88" length="12.56" shape="207.32,-92.09 203.92,-94.36 200.90,-95.40 198.27,-95.20 196.04,-93.78"/>
    </edge>
    <edge id=":J5_2" function="internal">
        <lane id=":J5_2_0" index="0" speed="7.56" length="12.54" shape="208.00,-98.40 205.20,-97.83 203.20,-96.14 202.00,-93.30 201.60,-89.34"/>
    </edge>
    <edge id=":J5_3" function="internal">
        <lane id=":J5_3_0" index="0" speed="11.94" length="13.16" shape="208.00,-98.40 204.50,-98.11 201.34,-97.24 198.52,-95.80 196.04,-93.78"/>
    </edge>

    <edge id="E0" from="J0" to="J1" priority="-1">
        <lane id="E0_0" index="0" speed="13.89" length="272.44" shape="3.39,101.13 196.04,293.78"/>
    </edge>
    <edge id="E1" from="J1" to="J2" priority="-1">
        <lane id="E1_0" index="0" speed="13.89" length="478.88" shape="208.00,298.40 686.88,298.40"/>
    </edge>
    <edge id="E2" from="J2" to="J3" priority="-1">
        <lane id="E2_0" index="0" speed="13.89" length="345.78" shape="707.42,293.13 995.12,101.33"/>
    </edge>
    <edge id="E3" from="J3" to="J4" priority="-1">
        <lane id="E3_0" index="0" speed="13.89" length="345.78" shape="995.12,98.67 707.42,-93.13"/>
    </edge>
    <edge id="E4" from="J4" to="J5" priority="-1">
        <lane id="E4_0" index="0" speed="13.89" length="478.88" shape="686.88,-98.40 208.00,-98.40"/>
    </edge>
    <edge id="E5" from="J5" to="J0" priority="-1">
        <lane id="E5_0" index="0" speed="13.89" length="272.44" shape="196.04,-93.78 3.39,98.87"/>
    </edge>
    <edge id="E6" from="J1" to="J4" priority="-1">
        <lane id="E6_0" index="0" speed="13.89" length="616.53" shape="207.32,292.09 688.75,-93.05"/>
    </edge>
    <edge id="E7" from="J4" to="J2" priority="-1">
        <lane id="E7_0" index="0" speed="13.89" length="380.04" shape="701.60,-90.02 701.60,290.02"/>
    </edge>
    <edge id="E8" from="J2" to="J5" priority="-1">
        <lane id="E8_0" index="0" speed="13.89" length="616.53" shape="688.75,293.05 207.32,-92.09"/>
    </edge>
    <edge id="E9" from="J5" to="J1" priority="-1">
        <lane id="E9_0" index="0" speed="13.89" length="378.68" shape="201.60,-89.34 201.60,289.34"/>
    </edge>

    <tlLogic id="J0" type="static" programID="0" offset="0">
        <phase duration="82" state="G"/>
        <phase duration="3"  state="y"/>
        <phase duration="5"  state="r"/>
    </tlLogic>
    <tlLogic id="J1" type="static" programID="0" offset="0">
        <phase duration="42" state="GGrr"/>
        <phase duration="3"  state="yyrr"/>
        <phase duration="42" state="rrGG"/>
        <phase duration="3"  state="rryy"/>
    </tlLogic>
    <tlLogic id="J2" type="static" programID="0" offset="0">
        <phase duration="42" state="GGrr"/>
        <phase duration="3"  state="yyrr"/>
        <phase duration="42" state="rrGG"/>
        <phase duration="3"  state="rryy"/>
    </tlLogic>
    <tlLogic id="J3" type="static" programID="0" offset="0">
        <phase duration="82" state="G"/>
        <phase duration="3"  state="y"/>
        <phase duration="5"  state="r"/>
    </tlLogic>
    <tlLogic id="J4" type="static" programID="0" offset="0">
        <phase duration="42" state="GGrr"/>
        <phase duration="3"  state="yyrr"/>
        <phase duration="42" state="rrGG"/>
        <phase duration="3"  state="rryy"/>
    </tlLogic>
    <tlLogic id="J5" type="static" programID="0" offset="0">
        <phase duration="42" state="GGrr"/>
        <phase duration="3"  state="yyrr"/>
        <phase duration="42" state="rrGG"/>
        <phase duration="3"  state="rryy"/>
    </tlLogic>

    <junction id="J0" type="traffic_light" x="0.00" y="100.00" incLanes="E5_0" intLanes=":J0_0_0" shape="2.26,102.26 4.53,100.00 2.26,97.74 1.26,99.25 1.13,100.00 1.26,100.75 1.63,101.51">
        <request index="0" response="0" foes="0" cont="0"/>
    </junction>
    <junction id="J1" type="traffic_light" x="200.00" y="300.00" incLanes="E9_0 E0_0" intLanes=":J1_0_0 :J1_1_0 :J1_2_0 :J1_3_0" shape="208.00,300.00 208.00,296.80 206.26,296.42 206.08,295.94 206.37,295.26 207.11,294.40 208.32,293.34 206.32,290.84 204.59,291.79 203.98,291.72 203.55,291.29 203.29,290.49 203.20,289.34 200.00,289.34 199.69,292.43 199.29,293.23 198.74,293.54 198.04,293.34 197.17,292.65 194.91,294.91 196.69,296.46 198.63,297.74 200.73,298.73 202.99,299.43 205.41,299.86">
        <request index="0" response="0000" foes="0100" cont="0"/>
        <request index="1" response="0000" foes="1100" cont="0"/>
        <request index="2" response="0011" foes="0011" cont="0"/>
        <request index="3" response="0010" foes="0010" cont="0"/>
    </junction>
    <junction id="J2" type="traffic_light" x="700.00" y="300.00" incLanes="E7_0 E1_0" intLanes=":J2_0_0 :J2_1_0 :J2_2_0 :J2_3_0" shape="708.30,294.46 706.53,291.80 704.68,292.59 704.03,292.47 703.57,292.00 703.29,291.18 703.20,290.02 700.00,290.02 699.72,292.84 698.86,294.65 697.44,295.46 695.45,295.25 692.88,294.03 689.75,291.80 687.75,294.30 689.04,295.69 689.10,296.18 688.75,296.52 688.01,296.73 686.88,296.80 686.88,300.00 691.67,300.02 695.30,299.93 698.29,299.53 701.12,298.63 704.29,297.01">
        <request index="0" response="0000" foes="1000" cont="0"/>
        <request index="1" response="0100" foes="0100" cont="0"/>
        <request index="2" response="0000" foes="0010" cont="0"/>
        <request index="3" response="0001" foes="0001" cont="0"/>
    </junction>
    <junction id="J3" type="traffic_light" x="1000.00" y="100.00" incLanes="E2_0" intLanes=":J3_0_0" shape="996.01,97.34 994.23,100.00 996.01,102.66 997.78,100.89 998.00,100.00 997.78,99.11 997.12,98.22">
        <request index="0" response="0" foes="0" cont="0"/>
    </junction>
    <junction id="J4" type="traffic_light" x="700.00" y="-100.00" incLanes="E3_0 E6_0" intLanes=":J4_0_0 :J4_1_0 :J4_2_0 :J4_3_0" shape="700.00,-90.02 703.20,-90.02 703.57,-92.00 704.03,-92.47 704.68,-92.59 705.51,-92.37 706.53,-91.80 708.30,-94.46 704.29,-97.01 701.12,-98.63 698.29,-99.53 695.30,-99.93 691.67,-100.02 686.88,-100.00 686.88,-96.80 688.75,-96.52 689.10,-96.18 689.04,-95.69 688.60,-95.06 687.75,-94.30 689.75,-91.80 692.88,-94.03 695.45,-95.25 697.44,-95.46 698.86,-94.65 699.72,-92.84">
        <request index="0" response="0000" foes="1000" cont="0"/>
        <request index="1" response="0100" foes="0100" cont="0"/>
        <request index="2" response="0000" foes="0010" cont="0"/>
        <request index="3" response="0001" foes="0001" cont="0"/>
    </junction>
    <junction id="J5" type="traffic_light" x="200.00" y="-100.00" incLanes="E8_0 E4_0" intLanes=":J5_0_0 :J5_1_0 :J5_2_0 :J5_3_0" shape="200.00,-89.34 203.20,-89.34 203.55,-91.29 203.98,-91.72 204.59,-91.79 205.37,-91.50 206.32,-90.84 208.32,-93.34 206.37,-95.26 206.08,-95.94 206.26,-96.42 206.90,-96.70 208.00,-96.80 208.00,-100.00 205.41,-99.86 202.99,-99.43 200.73,-98.73 198.63,-97.74 196.69,-96.46 194.91,-94.91 197.17,-92.65 198.74,-93.54 199.29,-93.23 199.69,-92.43 199.92,-91.14">
        <request index="0" response="0000" foes="0100" cont="0"/>
        <request index="1" response="0000" foes="1100" cont="0"/>
        <request index="2" response="0011" foes="0011" cont="0"/>
        <request index="3" response="0010" foes="0010" cont="0"/>
    </junction>

    <connection from="E0" to="E6" fromLane="0" toLane="0" via=":J1_2_0" tl="J1" linkIndex="2" dir="r" state="o"/>
    <connection from="E0" to="E1" fromLane="0" toLane="0" via=":J1_3_0" tl="J1" linkIndex="3" dir="R" state="o"/>
    <connection from="E1" to="E8" fromLane="0" toLane="0" via=":J2_2_0" tl="J2" linkIndex="2" dir="r" state="O"/>
    <connection from="E1" to="E2" fromLane="0" toLane="0" via=":J2_3_0" tl="J2" linkIndex="3" dir="s" state="o"/>
    <connection from="E2" to="E3" fromLane="0" toLane="0" via=":J3_0_0" tl="J3" linkIndex="0" dir="r" state="O"/>
    <connection from="E3" to="E7" fromLane="0" toLane="0" via=":J4_0_0" tl="J4" linkIndex="0" dir="r" state="O"/>
    <connection from="E3" to="E4" fromLane="0" toLane="0" via=":J4_1_0" tl="J4" linkIndex="1" dir="s" state="o"/>
    <connection from="E4" to="E9" fromLane="0" toLane="0" via=":J5_2_0" tl="J5" linkIndex="2" dir="r" state="o"/>
    <connection from="E4" to="E5" fromLane="0" toLane="0" via=":J5_3_0" tl="J5" linkIndex="3" dir="R" state="o"/>
    <connection from="E5" to="E0" fromLane="0" toLane="0" via=":J0_0_0" tl="J0" linkIndex="0" dir="r" state="O"/>
    <connection from="E6" to="E4" fromLane="0" toLane="0" via=":J4_2_0" tl="J4" linkIndex="2" dir="r" state="O"/>
    <connection from="E6" to="E7" fromLane="0" toLane="0" via=":J4_3_0" tl="J4" linkIndex="3" dir="l" state="o"/>
    <connection from="E7" to="E2" fromLane="0" toLane="0" via=":J2_0_0" tl="J2" linkIndex="0" dir="r" state="O"/>
    <connection from="E7" to="E8" fromLane="0" toLane="0" via=":J2_1_0" tl="J2" linkIndex="1" dir="l" state="o"/>
    <connection from="E8" to="E9" fromLane="0" toLane="0" via=":J5_0_0" tl="J5" linkIndex="0" dir="r" state="O"/>
    <connection from="E8" to="E5" fromLane="0" toLane="0" via=":J5_1_0" tl="J5" linkIndex="1" dir="R" state="O"/>
    <connection from="E9" to="E6" fromLane="0" toLane="0" via=":J1_0_0" tl="J1" linkIndex="0" dir="r" state="O"/>
    <connection from="E9" to="E1" fromLane="0" toLane="0" via=":J1_1_0" tl="J1" linkIndex="1" dir="R" state="O"/>

    <connection from=":J0_0" to="E0" fromLane="0" toLane="0" dir="r" state="M"/>
    <connection from=":J1_0" to="E6" fromLane="0" toLane="0" dir="r" state="M"/>
    <connection from=":J1_1" to="E1" fromLane="0" toLane="0" dir="R" state="M"/>
    <connection from=":J1_2" to="E6" fromLane="0" toLane="0" dir="r" state="M"/>
    <connection from=":J1_3" to="E1" fromLane="0" toLane="0" dir="R" state="M"/>
    <connection from=":J2_0" to="E2" fromLane="0" toLane="0" dir="r" state="M"/>
    <connection from=":J2_1" to="E8" fromLane="0" toLane="0" dir="l" state="M"/>
    <connection from=":J2_2" to="E8" fromLane="0" toLane="0" dir="r" state="M"/>
    <connection from=":J2_3" to="E2" fromLane="0" toLane="0" dir="s" state="M"/>
    <connection from=":J3_0" to="E3" fromLane="0" toLane="0" dir="r" state="M"/>
    <connection from=":J4_0" to="E7" fromLane="0" toLane="0" dir="r" state="M"/>
    <connection from=":J4_1" to="E4" fromLane="0" toLane="0" dir="s" state="M"/>
    <connection from=":J4_2" to="E4" fromLane="0" toLane="0" dir="r" state="M"/>
    <connection from=":J4_3" to="E7" fromLane="0" toLane="0" dir="l" state="M"/>
    <connection from=":J5_0" to="E9" fromLane="0" toLane="0" dir="r" state="M"/>
    <connection from=":J5_1" to="E5" fromLane="0" toLane="0" dir="R" state="M"/>
    <connection from=":J5_2" to="E9" fromLane="0" toLane="0" dir="r" state="M"/>
    <connection from=":J5_3" to="E5" fromLane="0" toLane="0" dir="R" state="M"/>

</net>
