<?xml version="1.0" encoding="UTF-8"?>

<!-- generated on 2023-01-10 16:38:54.389275 by randomTrips.py v1_15_0+0002-e6790248698
<configuration>
    <end value="10"/>
    <net-file value="NETWORK.net.xml"/>
</configuration>
-->

<routes xmlns:xsi="http://www.w3.org/2001/XMLSchema-instance" xsi:noNamespaceSchemaLocation="http://sumo.dlr.de/xsd/routes_file.xsd">
    <trip id="0" depart="0.00" from="E6" to="E0"/>
    <trip id="1" depart="1.00" from="E2" to="E2"/>
    <trip id="2" depart="2.00" from="E7" to="E6"/>
    <trip id="3" depart="3.00" from="E8" to="E0"/>
    <trip id="4" depart="4.00" from="E4" to="E0"/>
    <trip id="5" depart="5.00" from="E2" to="E5"/>
    <trip id="6" depart="6.00" from="E0" to="E1"/>
    <trip id="7" depart="7.00" from="E6" to="E5"/>
    <trip id="8" depart="8.00" from="E2" to="E5"/>
    <trip id="9" depart="9.00" from="E8" to="E0"/>
</routes>
